transactionId,timestamp,amount,currency,status
tx1,2025-04-29T11:07:40.385650Z,308,USD,FAILED
tx2,2025-04-29T11:07:41.385650Z,268,USD,PENDING
tx3,2025-04-29T11:07:42.385650Z,164,USD,FAILED
tx4,2025-04-29T11:07:43.385650Z,448,USD,FAILED
tx5,2025-04-29T11:07:44.385650Z,395,USD,FAILED
tx6,2025-04-29T11:07:45.385650Z,400,USD,FAILED
tx7,2025-04-29T11:07:46.385650Z,245,USD,SUCCESS
tx8,2025-04-29T11:07:47.385650Z,141,USD,FAILED
tx9,2025-04-29T11:07:48.385650Z,302,USD,FAILED
tx10,2025-04-29T11:07:49.385650Z,430,USD,SUCCESS
tx11,2025-04-29T11:07:50.385650Z,498,USD,FAILED
tx12,2025-04-29T11:07:51.385650Z,144,USD,SUCCESS
tx13,2025-04-29T11:07:52.385650Z,353,USD,SUCCESS
tx14,2025-04-29T11:07:53.385650Z,113,USD,PENDING
tx15,2025-04-29T11:07:54.385650Z,499,USD,FAILED
tx16,2025-04-29T11:07:55.385650Z,397,USD,PENDING
tx17,2025-04-29T11:07:56.385650Z,491,USD,SUCCESS
tx18,2025-04-29T11:07:57.385650Z,245,USD,SUCCESS
tx19,2025-04-29T11:07:58.385650Z,161,USD,FAILED
tx20,2025-04-29T11:07:59.385650Z,220,USD,FAILED
tx21,2025-04-29T11:08:00.385650Z,409,USD,SUCCESS
tx22,2025-04-29T11:08:01.385650Z,460,USD,SUCCESS
tx23,2025-04-29T11:08:02.385650Z,448,USD,SUCCESS
tx24,2025-04-29T11:08:03.385650Z,63,USD,FAILED
tx25,2025-04-29T11:08:04.385650Z,168,USD,FAILED
tx26,2025-04-29T11:08:05.385650Z,459,USD,SUCCESS
tx27,2025-04-29T11:08:06.385650Z,445,USD,SUCCESS
tx28,2025-04-29T11:08:07.385650Z,376,USD,SUCCESS
tx29,2025-04-29T11:08:08.385650Z,54,USD,SUCCESS
tx30,2025-04-29T11:08:09.385650Z,487,USD,SUCCESS
tx31,2025-04-29T11:08:10.385650Z,499,USD,FAILED
tx32,2025-04-29T11:08:11.385650Z,487,USD,PENDING
tx33,2025-04-29T11:08:12.385650Z,66,USD,FAILED
tx34,2025-04-29T11:08:13.385650Z,373,USD,PENDING
tx35,2025-04-29T11:08:14.385650Z,250,USD,SUCCESS
tx36,2025-04-29T11:08:15.385650Z,420,USD,PENDING
tx37,2025-04-29T11:08:16.385650Z,433,USD,PENDING
tx38,2025-04-29T11:08:17.385650Z,171,USD,PENDING
tx39,2025-04-29T11:08:18.385650Z,406,USD,FAILED
tx40,2025-04-29T11:08:19.385650Z,366,USD,FAILED
tx41,2025-04-29T11:08:20.385650Z,168,USD,SUCCESS
tx42,2025-04-29T11:08:21.385650Z,388,USD,PENDING
tx43,2025-04-29T11:08:22.385650Z,66,USD,SUCCESS
tx44,2025-04-29T11:08:23.385650Z,252,USD,FAILED
tx45,2025-04-29T11:08:24.385650Z,98,USD,FAILED
tx46,2025-04-29T11:08:25.385650Z,215,USD,SUCCESS
tx47,2025-04-29T11:08:26.385650Z,116,USD,FAILED
tx48,2025-04-29T11:08:27.385650Z,109,USD,FAILED
tx49,2025-04-29T11:08:28.385650Z,338,USD,SUCCESS
tx50,2025-04-29T11:08:29.385650Z,437,USD,SUCCESS
tx51,2025-04-29T11:08:30.385650Z,70,USD,SUCCESS
tx52,2025-04-29T11:08:31.385650Z,253,USD,SUCCESS
tx53,2025-04-29T11:08:32.385650Z,66,USD,SUCCESS
tx54,2025-04-29T11:08:33.385650Z,64,USD,FAILED
tx55,2025-04-29T11:08:34.385650Z,453,USD,FAILED
tx56,2025-04-29T11:08:35.385650Z,165,USD,SUCCESS
tx57,2025-04-29T11:08:36.385650Z,248,USD,PENDING
tx58,2025-04-29T11:08:37.385650Z,232,USD,FAILED
tx59,2025-04-29T11:08:38.385650Z,380,USD,PENDING
tx60,2025-04-29T11:08:39.385650Z,361,USD,SUCCESS
tx61,2025-04-29T11:08:40.385650Z,359,USD,SUCCESS
tx62,2025-04-29T11:08:41.385650Z,192,USD,PENDING
tx63,2025-04-29T11:08:42.385650Z,299,USD,FAILED
tx64,2025-04-29T11:08:43.385650Z,210,USD,FAILED
tx65,2025-04-29T11:08:44.385650Z,55,USD,SUCCESS
tx66,2025-04-29T11:08:45.385650Z,384,USD,FAILED
tx67,2025-04-29T11:08:46.385650Z,268,USD,FAILED
tx68,2025-04-29T11:08:47.385650Z,477,USD,SUCCESS
tx69,2025-04-29T11:08:48.385650Z,121,USD,SUCCESS
tx70,2025-04-29T11:08:49.385650Z,347,USD,SUCCESS
tx71,2025-04-29T11:08:50.385650Z,205,USD,SUCCESS
tx72,2025-04-29T11:08:51.385650Z,147,USD,SUCCESS
tx73,2025-04-29T11:08:52.385650Z,305,USD,SUCCESS
tx74,2025-04-29T11:08:53.385650Z,465,USD,SUCCESS
tx75,2025-04-29T11:08:54.385650Z,500,USD,SUCCESS
tx76,2025-04-29T11:08:55.385650Z,205,USD,SUCCESS
tx77,2025-04-29T11:08:56.385650Z,468,USD,FAILED
tx78,2025-04-29T11:08:57.385650Z,424,USD,FAILED
tx79,2025-04-29T11:08:58.385650Z,446,USD,FAILED
tx80,2025-04-29T11:08:59.385650Z,361,USD,PENDING
tx81,2025-04-29T11:09:00.385650Z,465,USD,SUCCESS
tx82,2025-04-29T11:09:01.385650Z,124,USD,PENDING
tx83,2025-04-29T11:09:02.385650Z,391,USD,FAILED
tx84,2025-04-29T11:09:03.385650Z,252,USD,FAILED
tx85,2025-04-29T11:09:04.385650Z,344,USD,SUCCESS
tx86,2025-04-29T11:09:05.385650Z,493,USD,PENDING
tx87,2025-04-29T11:09:06.385650Z,473,USD,SUCCESS
tx88,2025-04-29T11:09:07.385650Z,346,USD,PENDING
tx89,2025-04-29T11:09:08.385650Z,165,USD,PENDING
tx90,2025-04-29T11:09:09.385650Z,128,USD,PENDING
tx91,2025-04-29T11:09:10.385650Z,199,USD,SUCCESS
tx92,2025-04-29T11:09:11.385650Z,369,USD,PENDING
tx93,2025-04-29T11:09:12.385650Z,51,USD,PENDING
tx94,2025-04-29T11:09:13.385650Z,335,USD,PENDING
tx95,2025-04-29T11:09:14.385650Z,365,USD,FAILED
tx96,2025-04-29T11:09:15.385650Z,146,USD,SUCCESS
tx97,2025-04-29T11:09:16.385650Z,94,USD,FAILED
tx98,2025-04-29T11:09:17.385650Z,402,USD,PENDING
tx99,2025-04-29T11:09:18.385650Z,491,USD,PENDING
tx100,2025-04-29T11:09:19.385650Z,167,USD,PENDING
tx101,2025-04-29T11:09:20.385650Z,284,USD,SUCCESS
tx102,2025-04-29T11:09:21.385650Z,249,USD,FAILED
tx103,2025-04-29T11:09:22.385650Z,119,USD,SUCCESS
tx104,2025-04-29T11:09:23.385650Z,203,USD,PENDING
tx105,2025-04-29T11:09:24.385650Z,467,USD,SUCCESS
tx106,2025-04-29T11:09:25.385650Z,297,USD,PENDING
tx107,2025-04-29T11:09:26.385650Z,169,USD,PENDING
tx108,2025-04-29T11:09:27.385650Z,196,USD,SUCCESS
tx109,2025-04-29T11:09:28.385650Z,406,USD,FAILED
tx110,2025-04-29T11:09:29.385650Z,75,USD,FAILED
tx111,2025-04-29T11:09:30.385650Z,461,USD,FAILED
tx112,2025-04-29T11:09:31.385650Z,460,USD,PENDING
tx113,2025-04-29T11:09:32.385650Z,281,USD,FAILED
tx114,2025-04-29T11:09:33.385650Z,167,USD,PENDING
tx115,2025-04-29T11:09:34.385650Z,315,USD,SUCCESS
tx116,2025-04-29T11:09:35.385650Z,78,USD,PENDING
tx117,2025-04-29T11:09:36.385650Z,317,USD,FAILED
tx118,2025-04-29T11:09:37.385650Z,99,USD,PENDING
tx119,2025-04-29T11:09:38.385650Z,391,USD,SUCCESS
tx120,2025-04-29T11:09:39.385650Z,492,USD,SUCCESS
tx121,2025-04-29T11:09:40.385650Z,151,USD,PENDING
tx122,2025-04-29T11:09:41.385650Z,437,USD,SUCCESS
tx123,2025-04-29T11:09:42.385650Z,222,USD,PENDING
tx124,2025-04-29T11:09:43.385650Z,242,USD,FAILED
tx125,2025-04-29T11:09:44.385650Z,62,USD,FAILED
tx126,2025-04-29T11:09:45.385650Z,279,USD,SUCCESS
tx127,2025-04-29T11:09:46.385650Z,311,USD,PENDING
tx128,2025-04-29T11:09:47.385650Z,245,USD,SUCCESS
tx129,2025-04-29T11:09:48.385650Z,487,USD,PENDING
tx130,2025-04-29T11:09:49.385650Z,275,USD,SUCCESS
tx131,2025-04-29T11:09:50.385650Z,389,USD,FAILED
tx132,2025-04-29T11:09:51.385650Z,268,USD,FAILED
tx133,2025-04-29T11:09:52.385650Z,422,USD,FAILED
tx134,2025-04-29T11:09:53.385650Z,436,USD,PENDING
tx135,2025-04-29T11:09:54.385650Z,287,USD,FAILED
tx136,2025-04-29T11:09:55.385650Z,130,USD,FAILED
tx137,2025-04-29T11:09:56.385650Z,262,USD,FAILED
tx138,2025-04-29T11:09:57.385650Z,135,USD,FAILED
tx139,2025-04-29T11:09:58.385650Z,291,USD,PENDING
tx140,2025-04-29T11:09:59.385650Z,168,USD,PENDING
tx141,2025-04-29T11:10:00.385650Z,190,USD,SUCCESS
tx142,2025-04-29T11:10:01.385650Z,489,USD,FAILED
tx143,2025-04-29T11:10:02.385650Z,358,USD,FAILED
tx144,2025-04-29T11:10:03.385650Z,417,USD,PENDING
tx145,2025-04-29T11:10:04.385650Z,290,USD,PENDING
tx146,2025-04-29T11:10:05.385650Z,457,USD,FAILED
tx147,2025-04-29T11:10:06.385650Z,242,USD,PENDING
tx148,2025-04-29T11:10:07.385650Z,226,USD,PENDING
tx149,2025-04-29T11:10:08.385650Z,299,USD,SUCCESS
tx150,2025-04-29T11:10:09.385650Z,191,USD,PENDING
tx151,2025-04-29T11:10:10.385650Z,245,USD,PENDING
tx152,2025-04-29T11:10:11.385650Z,206,USD,PENDING
tx153,2025-04-29T11:10:12.385650Z,196,USD,FAILED
tx154,2025-04-29T11:10:13.385650Z,75,USD,SUCCESS
tx155,2025-04-29T11:10:14.385650Z,171,USD,FAILED
tx156,2025-04-29T11:10:15.385650Z,95,USD,SUCCESS
tx157,2025-04-29T11:10:16.385650Z,265,USD,FAILED
tx158,2025-04-29T11:10:17.385650Z,195,USD,PENDING
tx159,2025-04-29T11:10:18.385650Z,57,USD,PENDING
tx160,2025-04-29T11:10:19.385650Z,396,USD,SUCCESS
tx161,2025-04-29T11:10:20.385650Z,130,USD,SUCCESS
tx162,2025-04-29T11:10:21.385650Z,328,USD,FAILED
tx163,2025-04-29T11:10:22.385650Z,96,USD,SUCCESS
tx164,2025-04-29T11:10:23.385650Z,254,USD,FAILED
tx165,2025-04-29T11:10:24.385650Z,93,USD,FAILED
tx166,2025-04-29T11:10:25.385650Z,140,USD,FAILED
tx167,2025-04-29T11:10:26.385650Z,215,USD,FAILED
tx168,2025-04-29T11:10:27.385650Z,484,USD,FAILED
tx169,2025-04-29T11:10:28.385650Z,345,USD,PENDING
tx170,2025-04-29T11:10:29.385650Z,313,USD,PENDING
tx171,2025-04-29T11:10:30.385650Z,381,USD,SUCCESS
tx172,2025-04-29T11:10:31.385650Z,498,USD,FAILED
tx173,2025-04-29T11:10:32.385650Z,311,USD,PENDING
tx174,2025-04-29T11:10:33.385650Z,133,USD,PENDING
tx175,2025-04-29T11:10:34.385650Z,148,USD,FAILED
tx176,2025-04-29T11:10:35.385650Z,236,USD,PENDING
tx177,2025-04-29T11:10:36.385650Z,308,USD,SUCCESS
tx178,2025-04-29T11:10:37.385650Z,326,USD,SUCCESS
tx179,2025-04-29T11:10:38.385650Z,170,USD,SUCCESS
tx180,2025-04-29T11:10:39.385650Z,328,USD,FAILED
tx181,2025-04-29T11:10:40.385650Z,98,USD,PENDING
tx182,2025-04-29T11:10:41.385650Z,122,USD,PENDING
tx183,2025-04-29T11:10:42.385650Z,300,USD,SUCCESS
tx184,2025-04-29T11:10:43.385650Z,318,USD,FAILED
tx185,2025-04-29T11:10:44.385650Z,448,USD,FAILED
tx186,2025-04-29T11:10:45.385650Z,258,USD,FAILED
tx187,2025-04-29T11:10:46.385650Z,157,USD,FAILED
tx188,2025-04-29T11:10:47.385650Z,322,USD,SUCCESS
tx189,2025-04-29T11:10:48.385650Z,58,USD,SUCCESS
tx190,2025-04-29T11:10:49.385650Z,476,USD,PENDING
tx191,2025-04-29T11:10:50.385650Z,132,USD,PENDING
tx192,2025-04-29T11:10:51.385650Z,292,USD,FAILED
tx193,2025-04-29T11:10:52.385650Z,277,USD,SUCCESS
tx194,2025-04-29T11:10:53.385650Z,237,USD,FAILED
tx195,2025-04-29T11:10:54.385650Z,100,USD,FAILED
tx196,2025-04-29T11:10:55.385650Z,152,USD,FAILED
tx197,2025-04-29T11:10:56.385650Z,328,USD,PENDING
tx198,2025-04-29T11:10:57.385650Z,210,USD,PENDING
tx199,2025-04-29T11:10:58.385650Z,97,USD,SUCCESS
tx200,2025-04-29T11:10:59.385650Z,65,USD,FAILED
tx201,2025-04-29T11:11:00.385650Z,262,USD,FAILED
tx202,2025-04-29T11:11:01.385650Z,270,USD,SUCCESS
tx203,2025-04-29T11:11:02.385650Z,76,USD,PENDING
tx204,2025-04-29T11:11:03.385650Z,53,USD,SUCCESS
tx205,2025-04-29T11:11:04.385650Z,184,USD,PENDING
tx206,2025-04-29T11:11:05.385650Z,120,USD,FAILED
tx207,2025-04-29T11:11:06.385650Z,421,USD,PENDING
tx208,2025-04-29T11:11:07.385650Z,393,USD,FAILED
tx209,2025-04-29T11:11:08.385650Z,180,USD,SUCCESS
tx210,2025-04-29T11:11:09.385650Z,247,USD,SUCCESS
tx211,2025-04-29T11:11:10.385650Z,459,USD,SUCCESS
tx212,2025-04-29T11:11:11.385650Z,172,USD,SUCCESS
tx213,2025-04-29T11:11:12.385650Z,399,USD,PENDING
tx214,2025-04-29T11:11:13.385650Z,123,USD,SUCCESS
tx215,2025-04-29T11:11:14.385650Z,432,USD,SUCCESS
tx216,2025-04-29T11:11:15.385650Z,450,USD,PENDING
tx217,2025-04-29T11:11:16.385650Z,175,USD,PENDING
tx218,2025-04-29T11:11:17.385650Z,303,USD,SUCCESS
tx219,2025-04-29T11:11:18.385650Z,176,USD,PENDING
tx220,2025-04-29T11:11:19.385650Z,281,USD,PENDING
tx221,2025-04-29T11:11:20.385650Z,244,USD,FAILED
tx222,2025-04-29T11:11:21.385650Z,242,USD,FAILED
tx223,2025-04-29T11:11:22.385650Z,391,USD,SUCCESS
tx224,2025-04-29T11:11:23.385650Z,339,USD,FAILED
tx225,2025-04-29T11:11:24.385650Z,339,USD,SUCCESS
tx226,2025-04-29T11:11:25.385650Z,270,USD,PENDING
tx227,2025-04-29T11:11:26.385650Z,499,USD,SUCCESS
tx228,2025-04-29T11:11:27.385650Z,380,USD,FAILED
tx229,2025-04-29T11:11:28.385650Z,172,USD,PENDING
tx230,2025-04-29T11:11:29.385650Z,427,USD,FAILED
tx231,2025-04-29T11:11:30.385650Z,114,USD,FAILED
tx232,2025-04-29T11:11:31.385650Z,433,USD,SUCCESS
tx233,2025-04-29T11:11:32.385650Z,266,USD,FAILED
tx234,2025-04-29T11:11:33.385650Z,314,USD,SUCCESS
tx235,2025-04-29T11:11:34.385650Z,132,USD,SUCCESS
tx236,2025-04-29T11:11:35.385650Z,403,USD,PENDING
tx237,2025-04-29T11:11:36.385650Z,367,USD,PENDING
tx238,2025-04-29T11:11:37.385650Z,170,USD,PENDING
tx239,2025-04-29T11:11:38.385650Z,220,USD,SUCCESS
tx240,2025-04-29T11:11:39.385650Z,209,USD,FAILED
tx241,2025-04-29T11:11:40.385650Z,287,USD,FAILED
tx242,2025-04-29T11:11:41.385650Z,189,USD,FAILED
tx243,2025-04-29T11:11:42.385650Z,255,USD,SUCCESS
tx244,2025-04-29T11:11:43.385650Z,271,USD,SUCCESS
tx245,2025-04-29T11:11:44.385650Z,159,USD,SUCCESS
tx246,2025-04-29T11:11:45.385650Z,142,USD,FAILED
tx247,2025-04-29T11:11:46.385650Z,260,USD,FAILED
tx248,2025-04-29T11:11:47.385650Z,356,USD,PENDING
tx249,2025-04-29T11:11:48.385650Z,268,USD,PENDING
tx250,2025-04-29T11:11:49.385650Z,244,USD,PENDING
tx251,2025-04-29T11:11:50.385650Z,71,USD,SUCCESS
tx252,2025-04-29T11:11:51.385650Z,460,USD,SUCCESS
tx253,2025-04-29T11:11:52.385650Z,452,USD,PENDING
tx254,2025-04-29T11:11:53.385650Z,453,USD,PENDING
tx255,2025-04-29T11:11:54.385650Z,322,USD,PENDING
tx256,2025-04-29T11:11:55.385650Z,95,USD,FAILED
tx257,2025-04-29T11:11:56.385650Z,460,USD,SUCCESS
tx258,2025-04-29T11:11:57.385650Z,330,USD,PENDING
tx259,2025-04-29T11:11:58.385650Z,355,USD,PENDING
tx260,2025-04-29T11:11:59.385650Z,475,USD,FAILED
tx261,2025-04-29T11:12:00.385650Z,350,USD,SUCCESS
tx262,2025-04-29T11:12:01.385650Z,482,USD,SUCCESS
tx263,2025-04-29T11:12:02.385650Z,274,USD,SUCCESS
tx264,2025-04-29T11:12:03.385650Z,362,USD,FAILED
tx265,2025-04-29T11:12:04.385650Z,100,USD,SUCCESS
tx266,2025-04-29T11:12:05.385650Z,245,USD,SUCCESS
tx267,2025-04-29T11:12:06.385650Z,300,USD,SUCCESS
tx268,2025-04-29T11:12:07.385650Z,287,USD,SUCCESS
tx269,2025-04-29T11:12:08.385650Z,420,USD,PENDING
tx270,2025-04-29T11:12:09.385650Z,205,USD,FAILED
tx271,2025-04-29T11:12:10.385650Z,261,USD,SUCCESS
tx272,2025-04-29T11:12:11.385650Z,412,USD,SUCCESS
tx273,2025-04-29T11:12:12.385650Z,157,USD,FAILED
tx274,2025-04-29T11:12:13.385650Z,151,USD,FAILED
tx275,2025-04-29T11:12:14.385650Z,340,USD,FAILED
tx276,2025-04-29T11:12:15.385650Z,55,USD,FAILED
tx277,2025-04-29T11:12:16.385650Z,193,USD,PENDING
tx278,2025-04-29T11:12:17.385650Z,460,USD,PENDING
tx279,2025-04-29T11:12:18.385650Z,297,USD,PENDING
tx280,2025-04-29T11:12:19.385650Z,266,USD,PENDING
tx281,2025-04-29T11:12:20.385650Z,266,USD,PENDING
tx282,2025-04-29T11:12:21.385650Z,427,USD,PENDING
tx283,2025-04-29T11:12:22.385650Z,462,USD,FAILED
tx284,2025-04-29T11:12:23.385650Z,397,USD,SUCCESS
tx285,2025-04-29T11:12:24.385650Z,306,USD,FAILED
tx286,2025-04-29T11:12:25.385650Z,462,USD,FAILED
tx287,2025-04-29T11:12:26.385650Z,369,USD,FAILED
tx288,2025-04-29T11:12:27.385650Z,472,USD,SUCCESS
tx289,2025-04-29T11:12:28.385650Z,213,USD,SUCCESS
tx290,2025-04-29T11:12:29.385650Z,402,USD,FAILED
tx291,2025-04-29T11:12:30.385650Z,74,USD,PENDING
tx292,2025-04-29T11:12:31.385650Z,125,USD,FAILED
tx293,2025-04-29T11:12:32.385650Z,373,USD,PENDING
tx294,2025-04-29T11:12:33.385650Z,267,USD,SUCCESS
tx295,2025-04-29T11:12:34.385650Z,191,USD,FAILED
tx296,2025-04-29T11:12:35.385650Z,231,USD,SUCCESS
tx297,2025-04-29T11:12:36.385650Z,269,USD,SUCCESS
tx298,2025-04-29T11:12:37.385650Z,145,USD,SUCCESS
tx299,2025-04-29T11:12:38.385650Z,58,USD,PENDING
tx300,2025-04-29T11:12:39.385650Z,341,USD,PENDING
tx301,2025-04-29T11:12:40.385650Z,379,USD,FAILED
tx302,2025-04-29T11:12:41.385650Z,284,USD,PENDING
tx303,2025-04-29T11:12:42.385650Z,413,USD,SUCCESS
tx304,2025-04-29T11:12:43.385650Z,301,USD,SUCCESS
tx305,2025-04-29T11:12:44.385650Z,359,USD,FAILED
tx306,2025-04-29T11:12:45.385650Z,271,USD,SUCCESS
tx307,2025-04-29T11:12:46.385650Z,220,USD,FAILED
tx308,2025-04-29T11:12:47.385650Z,483,USD,SUCCESS
tx309,2025-04-29T11:12:48.385650Z,82,USD,FAILED
tx310,2025-04-29T11:12:49.385650Z,415,USD,FAILED
tx311,2025-04-29T11:12:50.385650Z,294,USD,SUCCESS
tx312,2025-04-29T11:12:51.385650Z,470,USD,PENDING
tx313,2025-04-29T11:12:52.385650Z,470,USD,FAILED
tx314,2025-04-29T11:12:53.385650Z,81,USD,SUCCESS
tx315,2025-04-29T11:12:54.385650Z,318,USD,FAILED
tx316,2025-04-29T11:12:55.385650Z,126,USD,FAILED
tx317,2025-04-29T11:12:56.385650Z,178,USD,SUCCESS
tx318,2025-04-29T11:12:57.385650Z,383,USD,FAILED
tx319,2025-04-29T11:12:58.385650Z,164,USD,SUCCESS
tx320,2025-04-29T11:12:59.385650Z,444,USD,PENDING
tx321,2025-04-29T11:13:00.385650Z,440,USD,FAILED
tx322,2025-04-29T11:13:01.385650Z,491,USD,SUCCESS
tx323,2025-04-29T11:13:02.385650Z,285,USD,PENDING
tx324,2025-04-29T11:13:03.385650Z,204,USD,FAILED
tx325,2025-04-29T11:13:04.385650Z,333,USD,SUCCESS
tx326,2025-04-29T11:13:05.385650Z,436,USD,SUCCESS
tx327,2025-04-29T11:13:06.385650Z,422,USD,PENDING
tx328,2025-04-29T11:13:07.385650Z,304,USD,SUCCESS
tx329,2025-04-29T11:13:08.385650Z,120,USD,PENDING
tx330,2025-04-29T11:13:09.385650Z,476,USD,SUCCESS
tx331,2025-04-29T11:13:10.385650Z,86,USD,PENDING
tx332,2025-04-29T11:13:11.385650Z,463,USD,PENDING
tx333,2025-04-29T11:13:12.385650Z,279,USD,FAILED
tx334,2025-04-29T11:13:13.385650Z,492,USD,PENDING
tx335,2025-04-29T11:13:14.385650Z,96,USD,PENDING
tx336,2025-04-29T11:13:15.385650Z,288,USD,PENDING
tx337,2025-04-29T11:13:16.385650Z,107,USD,PENDING
tx338,2025-04-29T11:13:17.385650Z,137,USD,PENDING
tx339,2025-04-29T11:13:18.385650Z,120,USD,SUCCESS
tx340,2025-04-29T11:13:19.385650Z,459,USD,FAILED
tx341,2025-04-29T11:13:20.385650Z,355,USD,FAILED
tx342,2025-04-29T11:13:21.385650Z,332,USD,FAILED
tx343,2025-04-29T11:13:22.385650Z,403,USD,PENDING
tx344,2025-04-29T11:13:23.385650Z,167,USD,FAILED
tx345,2025-04-29T11:13:24.385650Z,455,USD,SUCCESS
tx346,2025-04-29T11:13:25.385650Z,290,USD,SUCCESS
tx347,2025-04-29T11:13:26.385650Z,153,USD,SUCCESS
tx348,2025-04-29T11:13:27.385650Z,476,USD,SUCCESS
tx349,2025-04-29T11:13:28.385650Z,291,USD,FAILED
tx350,2025-04-29T11:13:29.385650Z,164,USD,SUCCESS
tx351,2025-04-29T11:13:30.385650Z,389,USD,FAILED
tx352,2025-04-29T11:13:31.385650Z,125,USD,FAILED
tx353,2025-04-29T11:13:32.385650Z,389,USD,PENDING
tx354,2025-04-29T11:13:33.385650Z,244,USD,SUCCESS
tx355,2025-04-29T11:13:34.385650Z,391,USD,PENDING
tx356,2025-04-29T11:13:35.385650Z,68,USD,SUCCESS
tx357,2025-04-29T11:13:36.385650Z,187,USD,SUCCESS
tx358,2025-04-29T11:13:37.385650Z,362,USD,FAILED
tx359,2025-04-29T11:13:38.385650Z,91,USD,PENDING
tx360,2025-04-29T11:13:39.385650Z,65,USD,PENDING
tx361,2025-04-29T11:13:40.385650Z,50,USD,PENDING
tx362,2025-04-29T11:13:41.385650Z,337,USD,PENDING
tx363,2025-04-29T11:13:42.385650Z,58,USD,SUCCESS
tx364,2025-04-29T11:13:43.385650Z,396,USD,PENDING
tx365,2025-04-29T11:13:44.385650Z,137,USD,FAILED
tx366,2025-04-29T11:13:45.385650Z,161,USD,PENDING
tx367,2025-04-29T11:13:46.385650Z,490,USD,PENDING
tx368,2025-04-29T11:13:47.385650Z,195,USD,FAILED
tx369,2025-04-29T11:13:48.385650Z,485,USD,FAILED
tx370,2025-04-29T11:13:49.385650Z,430,USD,FAILED
tx371,2025-04-29T11:13:50.385650Z,417,USD,PENDING
tx372,2025-04-29T11:13:51.385650Z,422,USD,SUCCESS
tx373,2025-04-29T11:13:52.385650Z,236,USD,FAILED
tx374,2025-04-29T11:13:53.385650Z,213,USD,FAILED
tx375,2025-04-29T11:13:54.385650Z,346,USD,PENDING
tx376,2025-04-29T11:13:55.385650Z,189,USD,FAILED
tx377,2025-04-29T11:13:56.385650Z,295,USD,PENDING
tx378,2025-04-29T11:13:57.385650Z,412,USD,FAILED
tx379,2025-04-29T11:13:58.385650Z,487,USD,PENDING
tx380,2025-04-29T11:13:59.385650Z,401,USD,FAILED
tx381,2025-04-29T11:14:00.385650Z,166,USD,SUCCESS
tx382,2025-04-29T11:14:01.385650Z,170,USD,FAILED
tx383,2025-04-29T11:14:02.385650Z,244,USD,FAILED
tx384,2025-04-29T11:14:03.385650Z,286,USD,FAILED
tx385,2025-04-29T11:14:04.385650Z,115,USD,PENDING
tx386,2025-04-29T11:14:05.385650Z,195,USD,FAILED
tx387,2025-04-29T11:14:06.385650Z,233,USD,FAILED
tx388,2025-04-29T11:14:07.385650Z,351,USD,SUCCESS
tx389,2025-04-29T11:14:08.385650Z,130,USD,SUCCESS
tx390,2025-04-29T11:14:09.385650Z,325,USD,PENDING
tx391,2025-04-29T11:14:10.385650Z,241,USD,SUCCESS
tx392,2025-04-29T11:14:11.385650Z,172,USD,PENDING
tx393,2025-04-29T11:14:12.385650Z,293,USD,PENDING
tx394,2025-04-29T11:14:13.385650Z,241,USD,SUCCESS
tx395,2025-04-29T11:14:14.385650Z,148,USD,FAILED
tx396,2025-04-29T11:14:15.385650Z,333,USD,FAILED
tx397,2025-04-29T11:14:16.385650Z,269,USD,SUCCESS
tx398,2025-04-29T11:14:17.385650Z,201,USD,FAILED
tx399,2025-04-29T11:14:18.385650Z,456,USD,PENDING
tx400,2025-04-29T11:14:19.385650Z,500,USD,PENDING
tx401,2025-04-29T11:14:20.385650Z,337,USD,SUCCESS
tx402,2025-04-29T11:14:21.385650Z,123,USD,FAILED
tx403,2025-04-29T11:14:22.385650Z,258,USD,PENDING
tx404,2025-04-29T11:14:23.385650Z,147,USD,PENDING
tx405,2025-04-29T11:14:24.385650Z,189,USD,SUCCESS
tx406,2025-04-29T11:14:25.385650Z,314,USD,FAILED
tx407,2025-04-29T11:14:26.385650Z,196,USD,FAILED
tx408,2025-04-29T11:14:27.385650Z,50,USD,PENDING
tx409,2025-04-29T11:14:28.385650Z,121,USD,PENDING
tx410,2025-04-29T11:14:29.385650Z,496,USD,PENDING
tx411,2025-04-29T11:14:30.385650Z,276,USD,PENDING
tx412,2025-04-29T11:14:31.385650Z,90,USD,FAILED
tx413,2025-04-29T11:14:32.385650Z,237,USD,PENDING
tx414,2025-04-29T11:14:33.385650Z,441,USD,SUCCESS
tx415,2025-04-29T11:14:34.385650Z,115,USD,PENDING
tx416,2025-04-29T11:14:35.385650Z,421,USD,FAILED
tx417,2025-04-29T11:14:36.385650Z,375,USD,PENDING
tx418,2025-04-29T11:14:37.385650Z,235,USD,FAILED
tx419,2025-04-29T11:14:38.385650Z,348,USD,SUCCESS
tx420,2025-04-29T11:14:39.385650Z,224,USD,PENDING
tx421,2025-04-29T11:14:40.385650Z,50,USD,FAILED
tx422,2025-04-29T11:14:41.385650Z,486,USD,FAILED
tx423,2025-04-29T11:14:42.385650Z,475,USD,PENDING
tx424,2025-04-29T11:14:43.385650Z,316,USD,SUCCESS
tx425,2025-04-29T11:14:44.385650Z,359,USD,FAILED
tx426,2025-04-29T11:14:45.385650Z,291,USD,FAILED
tx427,2025-04-29T11:14:46.385650Z,363,USD,FAILED
tx428,2025-04-29T11:14:47.385650Z,140,USD,SUCCESS
tx429,2025-04-29T11:14:48.385650Z,306,USD,PENDING
tx430,2025-04-29T11:14:49.385650Z,450,USD,FAILED
tx431,2025-04-29T11:14:50.385650Z,368,USD,PENDING
tx432,2025-04-29T11:14:51.385650Z,246,USD,PENDING
tx433,2025-04-29T11:14:52.385650Z,330,USD,FAILED
tx434,2025-04-29T11:14:53.385650Z,75,USD,SUCCESS
tx435,2025-04-29T11:14:54.385650Z,304,USD,SUCCESS
tx436,2025-04-29T11:14:55.385650Z,369,USD,FAILED
tx437,2025-04-29T11:14:56.385650Z,304,USD,FAILED
tx438,2025-04-29T11:14:57.385650Z,456,USD,SUCCESS
tx439,2025-04-29T11:14:58.385650Z,319,USD,PENDING
tx440,2025-04-29T11:14:59.385650Z,432,USD,FAILED
tx441,2025-04-29T11:15:00.385650Z,220,USD,FAILED
tx442,2025-04-29T11:15:01.385650Z,213,USD,PENDING
tx443,2025-04-29T11:15:02.385650Z,142,USD,PENDING
tx444,2025-04-29T11:15:03.385650Z,104,USD,SUCCESS
tx445,2025-04-29T11:15:04.385650Z,268,USD,PENDING
tx446,2025-04-29T11:15:05.385650Z,108,USD,SUCCESS
tx447,2025-04-29T11:15:06.385650Z,471,USD,PENDING
tx448,2025-04-29T11:15:07.385650Z,105,USD,FAILED
tx449,2025-04-29T11:15:08.385650Z,106,USD,PENDING
tx450,2025-04-29T11:15:09.385650Z,486,USD,FAILED
tx451,2025-04-29T11:15:10.385650Z,352,USD,SUCCESS
tx452,2025-04-29T11:15:11.385650Z,403,USD,SUCCESS
tx453,2025-04-29T11:15:12.385650Z,228,USD,FAILED
tx454,2025-04-29T11:15:13.385650Z,106,USD,SUCCESS
tx455,2025-04-29T11:15:14.385650Z,211,USD,FAILED
tx456,2025-04-29T11:15:15.385650Z,463,USD,SUCCESS
tx457,2025-04-29T11:15:16.385650Z,103,USD,FAILED
tx458,2025-04-29T11:15:17.385650Z,280,USD,SUCCESS
tx459,2025-04-29T11:15:18.385650Z,248,USD,PENDING
tx460,2025-04-29T11:15:19.385650Z,132,USD,PENDING
tx461,2025-04-29T11:15:20.385650Z,403,USD,PENDING
tx462,2025-04-29T11:15:21.385650Z,62,USD,FAILED
tx463,2025-04-29T11:15:22.385650Z,339,USD,SUCCESS
tx464,2025-04-29T11:15:23.385650Z,322,USD,SUCCESS
tx465,2025-04-29T11:15:24.385650Z,152,USD,PENDING
tx466,2025-04-29T11:15:25.385650Z,407,USD,PENDING
tx467,2025-04-29T11:15:26.385650Z,358,USD,SUCCESS
tx468,2025-04-29T11:15:27.385650Z,89,USD,SUCCESS
tx469,2025-04-29T11:15:28.385650Z,211,USD,SUCCESS
tx470,2025-04-29T11:15:29.385650Z,184,USD,PENDING
tx471,2025-04-29T11:15:30.385650Z,495,USD,SUCCESS
tx472,2025-04-29T11:15:31.385650Z,312,USD,PENDING
tx473,2025-04-29T11:15:32.385650Z,243,USD,FAILED
tx474,2025-04-29T11:15:33.385650Z,191,USD,PENDING
tx475,2025-04-29T11:15:34.385650Z,200,USD,FAILED
tx476,2025-04-29T11:15:35.385650Z,304,USD,FAILED
tx477,2025-04-29T11:15:36.385650Z,231,USD,FAILED
tx478,2025-04-29T11:15:37.385650Z,342,USD,SUCCESS
tx479,2025-04-29T11:15:38.385650Z,238,USD,PENDING
tx480,2025-04-29T11:15:39.385650Z,433,USD,FAILED
tx481,2025-04-29T11:15:40.385650Z,459,USD,PENDING
tx482,2025-04-29T11:15:41.385650Z,354,USD,SUCCESS
tx483,2025-04-29T11:15:42.385650Z,405,USD,FAILED
tx484,2025-04-29T11:15:43.385650Z,98,USD,FAILED
tx485,2025-04-29T11:15:44.385650Z,252,USD,FAILED
tx486,2025-04-29T11:15:45.385650Z,183,USD,PENDING
tx487,2025-04-29T11:15:46.385650Z,444,USD,FAILED
tx488,2025-04-29T11:15:47.385650Z,399,USD,SUCCESS
tx489,2025-04-29T11:15:48.385650Z,240,USD,FAILED
tx490,2025-04-29T11:15:49.385650Z,354,USD,SUCCESS
tx491,2025-04-29T11:15:50.385650Z,365,USD,PENDING
tx492,2025-04-29T11:15:51.385650Z,451,USD,FAILED
tx493,2025-04-29T11:15:52.385650Z,408,USD,FAILED
tx494,2025-04-29T11:15:53.385650Z,88,USD,SUCCESS
tx495,2025-04-29T11:15:54.385650Z,341,USD,FAILED
tx496,2025-04-29T11:15:55.385650Z,322,USD,PENDING
tx497,2025-04-29T11:15:56.385650Z,111,USD,PENDING
tx498,2025-04-29T11:15:57.385650Z,84,USD,FAILED
tx499,2025-04-29T11:15:58.385650Z,483,USD,FAILED
tx500,2025-04-29T11:15:59.385650Z,148,USD,FAILED
tx501,2025-04-29T11:16:00.385650Z,191,USD,SUCCESS
tx502,2025-04-29T11:16:01.385650Z,67,USD,SUCCESS
tx503,2025-04-29T11:16:02.385650Z,489,USD,FAILED
tx504,2025-04-29T11:16:03.385650Z,303,USD,FAILED
tx505,2025-04-29T11:16:04.385650Z,203,USD,PENDING
tx506,2025-04-29T11:16:05.385650Z,259,USD,FAILED
tx507,2025-04-29T11:16:06.385650Z,183,USD,SUCCESS
tx508,2025-04-29T11:16:07.385650Z,282,USD,SUCCESS
tx509,2025-04-29T11:16:08.385650Z,266,USD,SUCCESS
tx510,2025-04-29T11:16:09.385650Z,137,USD,SUCCESS
tx511,2025-04-29T11:16:10.385650Z,463,USD,PENDING
tx512,2025-04-29T11:16:11.385650Z,299,USD,PENDING
tx513,2025-04-29T11:16:12.385650Z,481,USD,SUCCESS
tx514,2025-04-29T11:16:13.385650Z,417,USD,FAILED
tx515,2025-04-29T11:16:14.385650Z,105,USD,PENDING
tx516,2025-04-29T11:16:15.385650Z,251,USD,SUCCESS
tx517,2025-04-29T11:16:16.385650Z,474,USD,PENDING
tx518,2025-04-29T11:16:17.385650Z,74,USD,SUCCESS
tx519,2025-04-29T11:16:18.385650Z,305,USD,PENDING
tx520,2025-04-29T11:16:19.385650Z,82,USD,PENDING
tx521,2025-04-29T11:16:20.385650Z,247,USD,FAILED
tx522,2025-04-29T11:16:21.385650Z,459,USD,FAILED
tx523,2025-04-29T11:16:22.385650Z,264,USD,SUCCESS
tx524,2025-04-29T11:16:23.385650Z,428,USD,FAILED
tx525,2025-04-29T11:16:24.385650Z,214,USD,SUCCESS
tx526,2025-04-29T11:16:25.385650Z,207,USD,PENDING
tx527,2025-04-29T11:16:26.385650Z,399,USD,SUCCESS
tx528,2025-04-29T11:16:27.385650Z,89,USD,FAILED
tx529,2025-04-29T11:16:28.385650Z,499,USD,SUCCESS
tx530,2025-04-29T11:16:29.385650Z,296,USD,PENDING
tx531,2025-04-29T11:16:30.385650Z,406,USD,PENDING
tx532,2025-04-29T11:16:31.385650Z,259,USD,FAILED
tx533,2025-04-29T11:16:32.385650Z,372,USD,FAILED
tx534,2025-04-29T11:16:33.385650Z,498,USD,SUCCESS
tx535,2025-04-29T11:16:34.385650Z,406,USD,FAILED
tx536,2025-04-29T11:16:35.385650Z,129,USD,PENDING
tx537,2025-04-29T11:16:36.385650Z,261,USD,PENDING
tx538,2025-04-29T11:16:37.385650Z,71,USD,PENDING
tx539,2025-04-29T11:16:38.385650Z,70,USD,PENDING
tx540,2025-04-29T11:16:39.385650Z,88,USD,PENDING
tx541,2025-04-29T11:16:40.385650Z,96,USD,SUCCESS
tx542,2025-04-29T11:16:41.385650Z,266,USD,FAILED
tx543,2025-04-29T11:16:42.385650Z,175,USD,SUCCESS
tx544,2025-04-29T11:16:43.385650Z,484,USD,FAILED
tx545,2025-04-29T11:16:44.385650Z,289,USD,PENDING
tx546,2025-04-29T11:16:45.385650Z,150,USD,SUCCESS
tx547,2025-04-29T11:16:46.385650Z,428,USD,SUCCESS
tx548,2025-04-29T11:16:47.385650Z,240,USD,FAILED
tx549,2025-04-29T11:16:48.385650Z,338,USD,FAILED
tx550,2025-04-29T11:16:49.385650Z,358,USD,SUCCESS
tx551,2025-04-29T11:16:50.385650Z,239,USD,PENDING
tx552,2025-04-29T11:16:51.385650Z,305,USD,SUCCESS
tx553,2025-04-29T11:16:52.385650Z,413,USD,FAILED
tx554,2025-04-29T11:16:53.385650Z,172,USD,SUCCESS
tx555,2025-04-29T11:16:54.385650Z,243,USD,SUCCESS
tx556,2025-04-29T11:16:55.385650Z,499,USD,FAILED
tx557,2025-04-29T11:16:56.385650Z,341,USD,SUCCESS
tx558,2025-04-29T11:16:57.385650Z,148,USD,SUCCESS
tx559,2025-04-29T11:16:58.385650Z,447,USD,SUCCESS
tx560,2025-04-29T11:16:59.385650Z,400,USD,SUCCESS
tx561,2025-04-29T11:17:00.385650Z,483,USD,FAILED
tx562,2025-04-29T11:17:01.385650Z,316,USD,FAILED
tx563,2025-04-29T11:17:02.385650Z,223,USD,FAILED
tx564,2025-04-29T11:17:03.385650Z,208,USD,SUCCESS
tx565,2025-04-29T11:17:04.385650Z,356,USD,PENDING
tx566,2025-04-29T11:17:05.385650Z,362,USD,PENDING
tx567,2025-04-29T11:17:06.385650Z,478,USD,FAILED
tx568,2025-04-29T11:17:07.385650Z,208,USD,FAILED
tx569,2025-04-29T11:17:08.385650Z,419,USD,PENDING
tx570,2025-04-29T11:17:09.385650Z,395,USD,FAILED
tx571,2025-04-29T11:17:10.385650Z,112,USD,PENDING
tx572,2025-04-29T11:17:11.385650Z,227,USD,FAILED
tx573,2025-04-29T11:17:12.385650Z,98,USD,PENDING
tx574,2025-04-29T11:17:13.385650Z,280,USD,FAILED
tx575,2025-04-29T11:17:14.385650Z,209,USD,PENDING
tx576,2025-04-29T11:17:15.385650Z,395,USD,PENDING
tx577,2025-04-29T11:17:16.385650Z,367,USD,PENDING
tx578,2025-04-29T11:17:17.385650Z,145,USD,FAILED
tx579,2025-04-29T11:17:18.385650Z,477,USD,SUCCESS
tx580,2025-04-29T11:17:19.385650Z,425,USD,SUCCESS
tx581,2025-04-29T11:17:20.385650Z,275,USD,SUCCESS
tx582,2025-04-29T11:17:21.385650Z,420,USD,SUCCESS
tx583,2025-04-29T11:17:22.385650Z,210,USD,PENDING
tx584,2025-04-29T11:17:23.385650Z,247,USD,SUCCESS
tx585,2025-04-29T11:17:24.385650Z,130,USD,SUCCESS
tx586,2025-04-29T11:17:25.385650Z,430,USD,FAILED
tx587,2025-04-29T11:17:26.385650Z,331,USD,PENDING
tx588,2025-04-29T11:17:27.385650Z,87,USD,SUCCESS
tx589,2025-04-29T11:17:28.385650Z,55,USD,FAILED
tx590,2025-04-29T11:17:29.385650Z,492,USD,SUCCESS
tx591,2025-04-29T11:17:30.385650Z,203,USD,PENDING
tx592,2025-04-29T11:17:31.385650Z,180,USD,SUCCESS
tx593,2025-04-29T11:17:32.385650Z,354,USD,FAILED
tx594,2025-04-29T11:17:33.385650Z,497,USD,FAILED
tx595,2025-04-29T11:17:34.385650Z,259,USD,PENDING
tx596,2025-04-29T11:17:35.385650Z,190,USD,FAILED
tx597,2025-04-29T11:17:36.385650Z,169,USD,SUCCESS
tx598,2025-04-29T11:17:37.385650Z,345,USD,FAILED
tx599,2025-04-29T11:17:38.385650Z,346,USD,PENDING
tx600,2025-04-29T11:17:39.385650Z,216,USD,SUCCESS
tx601,2025-04-29T11:17:40.385650Z,115,USD,FAILED
tx602,2025-04-29T11:17:41.385650Z,53,USD,PENDING
tx603,2025-04-29T11:17:42.385650Z,117,USD,FAILED
tx604,2025-04-29T11:17:43.385650Z,104,USD,FAILED
tx605,2025-04-29T11:17:44.385650Z,373,USD,PENDING
tx606,2025-04-29T11:17:45.385650Z,422,USD,PENDING
tx607,2025-04-29T11:17:46.385650Z,288,USD,SUCCESS
tx608,2025-04-29T11:17:47.385650Z,196,USD,PENDING
tx609,2025-04-29T11:17:48.385650Z,410,USD,FAILED
tx610,2025-04-29T11:17:49.385650Z,123,USD,PENDING
tx611,2025-04-29T11:17:50.385650Z,117,USD,PENDING
tx612,2025-04-29T11:17:51.385650Z,305,USD,FAILED
tx613,2025-04-29T11:17:52.385650Z,248,USD,PENDING
tx614,2025-04-29T11:17:53.385650Z,378,USD,FAILED
tx615,2025-04-29T11:17:54.385650Z,265,USD,PENDING
tx616,2025-04-29T11:17:55.385650Z,232,USD,PENDING
tx617,2025-04-29T11:17:56.385650Z,227,USD,PENDING
tx618,2025-04-29T11:17:57.385650Z,58,USD,PENDING
tx619,2025-04-29T11:17:58.385650Z,287,USD,PENDING
tx620,2025-04-29T11:17:59.385650Z,150,USD,PENDING
tx621,2025-04-29T11:18:00.385650Z,276,USD,PENDING
tx622,2025-04-29T11:18:01.385650Z,336,USD,PENDING
tx623,2025-04-29T11:18:02.385650Z,397,USD,FAILED
tx624,2025-04-29T11:18:03.385650Z,135,USD,SUCCESS
tx625,2025-04-29T11:18:04.385650Z,164,USD,PENDING
tx626,2025-04-29T11:18:05.385650Z,65,USD,SUCCESS
tx627,2025-04-29T11:18:06.385650Z,226,USD,SUCCESS
tx628,2025-04-29T11:18:07.385650Z,93,USD,SUCCESS
tx629,2025-04-29T11:18:08.385650Z,412,USD,PENDING
tx630,2025-04-29T11:18:09.385650Z,133,USD,SUCCESS
tx631,2025-04-29T11:18:10.385650Z,405,USD,PENDING
tx632,2025-04-29T11:18:11.385650Z,317,USD,SUCCESS
tx633,2025-04-29T11:18:12.385650Z,393,USD,PENDING
tx634,2025-04-29T11:18:13.385650Z,158,USD,SUCCESS
tx635,2025-04-29T11:18:14.385650Z,360,USD,PENDING
tx636,2025-04-29T11:18:15.385650Z,262,USD,SUCCESS
tx637,2025-04-29T11:18:16.385650Z,123,USD,SUCCESS
tx638,2025-04-29T11:18:17.385650Z,478,USD,SUCCESS
tx639,2025-04-29T11:18:18.385650Z,383,USD,SUCCESS
tx640,2025-04-29T11:18:19.385650Z,301,USD,FAILED
tx641,2025-04-29T11:18:20.385650Z,313,USD,FAILED
tx642,2025-04-29T11:18:21.385650Z,421,USD,SUCCESS
tx643,2025-04-29T11:18:22.385650Z,275,USD,FAILED
tx644,2025-04-29T11:18:23.385650Z,432,USD,PENDING
tx645,2025-04-29T11:18:24.385650Z,393,USD,SUCCESS
tx646,2025-04-29T11:18:25.385650Z,444,USD,PENDING
tx647,2025-04-29T11:18:26.385650Z,216,USD,PENDING
tx648,2025-04-29T11:18:27.385650Z,133,USD,PENDING
tx649,2025-04-29T11:18:28.385650Z,170,USD,FAILED
tx650,2025-04-29T11:18:29.385650Z,423,USD,SUCCESS
tx651,2025-04-29T11:18:30.385650Z,71,USD,SUCCESS
tx652,2025-04-29T11:18:31.385650Z,215,USD,FAILED
tx653,2025-04-29T11:18:32.385650Z,87,USD,FAILED
tx654,2025-04-29T11:18:33.385650Z,483,USD,SUCCESS
tx655,2025-04-29T11:18:34.385650Z,291,USD,SUCCESS
tx656,2025-04-29T11:18:35.385650Z,172,USD,PENDING
tx657,2025-04-29T11:18:36.385650Z,311,USD,FAILED
tx658,2025-04-29T11:18:37.385650Z,436,USD,FAILED
tx659,2025-04-29T11:18:38.385650Z,60,USD,PENDING
tx660,2025-04-29T11:18:39.385650Z,308,USD,PENDING
tx661,2025-04-29T11:18:40.385650Z,82,USD,FAILED
tx662,2025-04-29T11:18:41.385650Z,59,USD,PENDING
tx663,2025-04-29T11:18:42.385650Z,82,USD,PENDING
tx664,2025-04-29T11:18:43.385650Z,95,USD,SUCCESS
tx665,2025-04-29T11:18:44.385650Z,414,USD,SUCCESS
tx666,2025-04-29T11:18:45.385650Z,353,USD,SUCCESS
tx667,2025-04-29T11:18:46.385650Z,196,USD,FAILED
tx668,2025-04-29T11:18:47.385650Z,335,USD,PENDING
tx669,2025-04-29T11:18:48.385650Z,211,USD,FAILED
tx670,2025-04-29T11:18:49.385650Z,72,USD,FAILED
tx671,2025-04-29T11:18:50.385650Z,140,USD,FAILED
tx672,2025-04-29T11:18:51.385650Z,304,USD,FAILED
tx673,2025-04-29T11:18:52.385650Z,108,USD,SUCCESS
tx674,2025-04-29T11:18:53.385650Z,440,USD,SUCCESS
tx675,2025-04-29T11:18:54.385650Z,240,USD,SUCCESS
tx676,2025-04-29T11:18:55.385650Z,442,USD,SUCCESS
tx677,2025-04-29T11:18:56.385650Z,392,USD,SUCCESS
tx678,2025-04-29T11:18:57.385650Z,447,USD,FAILED
tx679,2025-04-29T11:18:58.385650Z,106,USD,FAILED
tx680,2025-04-29T11:18:59.385650Z,455,USD,SUCCESS
tx681,2025-04-29T11:19:00.385650Z,268,USD,FAILED
tx682,2025-04-29T11:19:01.385650Z,151,USD,PENDING
tx683,2025-04-29T11:19:02.385650Z,117,USD,FAILED
tx684,2025-04-29T11:19:03.385650Z,274,USD,PENDING
tx685,2025-04-29T11:19:04.385650Z,440,USD,SUCCESS
tx686,2025-04-29T11:19:05.385650Z,247,USD,FAILED
tx687,2025-04-29T11:19:06.385650Z,342,USD,PENDING
tx688,2025-04-29T11:19:07.385650Z,246,USD,SUCCESS
tx689,2025-04-29T11:19:08.385650Z,55,USD,FAILED
tx690,2025-04-29T11:19:09.385650Z,217,USD,FAILED
tx691,2025-04-29T11:19:10.385650Z,317,USD,PENDING
tx692,2025-04-29T11:19:11.385650Z,397,USD,PENDING
tx693,2025-04-29T11:19:12.385650Z,203,USD,FAILED
tx694,2025-04-29T11:19:13.385650Z,411,USD,FAILED
tx695,2025-04-29T11:19:14.385650Z,396,USD,FAILED
tx696,2025-04-29T11:19:15.385650Z,114,USD,PENDING
tx697,2025-04-29T11:19:16.385650Z,386,USD,SUCCESS
tx698,2025-04-29T11:19:17.385650Z,356,USD,PENDING
tx699,2025-04-29T11:19:18.385650Z,483,USD,PENDING
tx700,2025-04-29T11:19:19.385650Z,189,USD,FAILED
tx701,2025-04-29T11:19:20.385650Z,135,USD,SUCCESS
tx702,2025-04-29T11:19:21.385650Z,100,USD,FAILED
tx703,2025-04-29T11:19:22.385650Z,497,USD,FAILED
tx704,2025-04-29T11:19:23.385650Z,156,USD,FAILED
tx705,2025-04-29T11:19:24.385650Z,301,USD,SUCCESS
tx706,2025-04-29T11:19:25.385650Z,231,USD,SUCCESS
tx707,2025-04-29T11:19:26.385650Z,298,USD,SUCCESS
tx708,2025-04-29T11:19:27.385650Z,109,USD,FAILED
tx709,2025-04-29T11:19:28.385650Z,66,USD,FAILED
tx710,2025-04-29T11:19:29.385650Z,365,USD,SUCCESS
tx711,2025-04-29T11:19:30.385650Z,165,USD,SUCCESS
tx712,2025-04-29T11:19:31.385650Z,138,USD,PENDING
tx713,2025-04-29T11:19:32.385650Z,377,USD,FAILED
tx714,2025-04-29T11:19:33.385650Z,68,USD,FAILED
tx715,2025-04-29T11:19:34.385650Z,398,USD,PENDING
tx716,2025-04-29T11:19:35.385650Z,464,USD,PENDING
tx717,2025-04-29T11:19:36.385650Z,160,USD,FAILED
tx718,2025-04-29T11:19:37.385650Z,75,USD,PENDING
tx719,2025-04-29T11:19:38.385650Z,347,USD,SUCCESS
tx720,2025-04-29T11:19:39.385650Z,178,USD,PENDING
tx721,2025-04-29T11:19:40.385650Z,435,USD,PENDING
tx722,2025-04-29T11:19:41.385650Z,228,USD,FAILED
tx723,2025-04-29T11:19:42.385650Z,305,USD,SUCCESS
tx724,2025-04-29T11:19:43.385650Z,372,USD,PENDING
tx725,2025-04-29T11:19:44.385650Z,331,USD,PENDING
tx726,2025-04-29T11:19:45.385650Z,452,USD,SUCCESS
tx727,2025-04-29T11:19:46.385650Z,86,USD,SUCCESS
tx728,2025-04-29T11:19:47.385650Z,402,USD,FAILED
tx729,2025-04-29T11:19:48.385650Z,491,USD,SUCCESS
tx730,2025-04-29T11:19:49.385650Z,84,USD,PENDING
tx731,2025-04-29T11:19:50.385650Z,177,USD,FAILED
tx732,2025-04-29T11:19:51.385650Z,445,USD,FAILED
tx733,2025-04-29T11:19:52.385650Z,308,USD,PENDING
tx734,2025-04-29T11:19:53.385650Z,79,USD,PENDING
tx735,2025-04-29T11:19:54.385650Z,94,USD,FAILED
tx736,2025-04-29T11:19:55.385650Z,446,USD,PENDING
tx737,2025-04-29T11:19:56.385650Z,217,USD,SUCCESS
tx738,2025-04-29T11:19:57.385650Z,228,USD,SUCCESS
tx739,2025-04-29T11:19:58.385650Z,180,USD,FAILED
tx740,2025-04-29T11:19:59.385650Z,176,USD,PENDING
tx741,2025-04-29T11:20:00.385650Z,266,USD,PENDING
tx742,2025-04-29T11:20:01.385650Z,287,USD,PENDING
tx743,2025-04-29T11:20:02.385650Z,115,USD,FAILED
tx744,2025-04-29T11:20:03.385650Z,284,USD,PENDING
tx745,2025-04-29T11:20:04.385650Z,180,USD,PENDING
tx746,2025-04-29T11:20:05.385650Z,307,USD,PENDING
tx747,2025-04-29T11:20:06.385650Z,477,USD,PENDING
tx748,2025-04-29T11:20:07.385650Z,62,USD,FAILED
tx749,2025-04-29T11:20:08.385650Z,191,USD,FAILED
tx750,2025-04-29T11:20:09.385650Z,446,USD,PENDING
tx751,2025-04-29T11:20:10.385650Z,283,USD,FAILED
tx752,2025-04-29T11:20:11.385650Z,171,USD,PENDING
tx753,2025-04-29T11:20:12.385650Z,199,USD,PENDING
tx754,2025-04-29T11:20:13.385650Z,71,USD,FAILED
tx755,2025-04-29T11:20:14.385650Z,439,USD,PENDING
tx756,2025-04-29T11:20:15.385650Z,310,USD,FAILED
tx757,2025-04-29T11:20:16.385650Z,299,USD,SUCCESS
tx758,2025-04-29T11:20:17.385650Z,290,USD,FAILED
tx759,2025-04-29T11:20:18.385650Z,68,USD,PENDING
tx760,2025-04-29T11:20:19.385650Z,116,USD,PENDING
tx761,2025-04-29T11:20:20.385650Z,421,USD,FAILED
tx762,2025-04-29T11:20:21.385650Z,230,USD,FAILED
tx763,2025-04-29T11:20:22.385650Z,193,USD,SUCCESS
tx764,2025-04-29T11:20:23.385650Z,371,USD,PENDING
tx765,2025-04-29T11:20:24.385650Z,468,USD,SUCCESS
tx766,2025-04-29T11:20:25.385650Z,499,USD,FAILED
tx767,2025-04-29T11:20:26.385650Z,317,USD,SUCCESS
tx768,2025-04-29T11:20:27.385650Z,133,USD,SUCCESS
tx769,2025-04-29T11:20:28.385650Z,416,USD,FAILED
tx770,2025-04-29T11:20:29.385650Z,122,USD,SUCCESS
tx771,2025-04-29T11:20:30.385650Z,126,USD,PENDING
tx772,2025-04-29T11:20:31.385650Z,299,USD,FAILED
tx773,2025-04-29T11:20:32.385650Z,333,USD,FAILED
tx774,2025-04-29T11:20:33.385650Z,496,USD,PENDING
tx775,2025-04-29T11:20:34.385650Z,454,USD,SUCCESS
tx776,2025-04-29T11:20:35.385650Z,441,USD,PENDING
tx777,2025-04-29T11:20:36.385650Z,309,USD,FAILED
tx778,2025-04-29T11:20:37.385650Z,107,USD,FAILED
tx779,2025-04-29T11:20:38.385650Z,72,USD,SUCCESS
tx780,2025-04-29T11:20:39.385650Z,69,USD,SUCCESS
tx781,2025-04-29T11:20:40.385650Z,267,USD,SUCCESS
tx782,2025-04-29T11:20:41.385650Z,355,USD,PENDING
tx783,2025-04-29T11:20:42.385650Z,59,USD,FAILED
tx784,2025-04-29T11:20:43.385650Z,127,USD,PENDING
tx785,2025-04-29T11:20:44.385650Z,50,USD,SUCCESS
tx786,2025-04-29T11:20:45.385650Z,436,USD,SUCCESS
tx787,2025-04-29T11:20:46.385650Z,396,USD,SUCCESS
tx788,2025-04-29T11:20:47.385650Z,438,USD,PENDING
tx789,2025-04-29T11:20:48.385650Z,424,USD,SUCCESS
tx790,2025-04-29T11:20:49.385650Z,167,USD,SUCCESS
tx791,2025-04-29T11:20:50.385650Z,406,USD,PENDING
tx792,2025-04-29T11:20:51.385650Z,118,USD,FAILED
tx793,2025-04-29T11:20:52.385650Z,165,USD,PENDING
tx794,2025-04-29T11:20:53.385650Z,500,USD,PENDING
tx795,2025-04-29T11:20:54.385650Z,54,USD,FAILED
tx796,2025-04-29T11:20:55.385650Z,320,USD,PENDING
tx797,2025-04-29T11:20:56.385650Z,147,USD,SUCCESS
tx798,2025-04-29T11:20:57.385650Z,400,USD,FAILED
tx799,2025-04-29T11:20:58.385650Z,459,USD,SUCCESS
tx800,2025-04-29T11:20:59.385650Z,290,USD,SUCCESS
tx801,2025-04-29T11:21:00.385650Z,76,USD,SUCCESS
tx802,2025-04-29T11:21:01.385650Z,192,USD,FAILED
tx803,2025-04-29T11:21:02.385650Z,390,USD,PENDING
tx804,2025-04-29T11:21:03.385650Z,429,USD,SUCCESS
tx805,2025-04-29T11:21:04.385650Z,443,USD,PENDING
tx806,2025-04-29T11:21:05.385650Z,101,USD,FAILED
tx807,2025-04-29T11:21:06.385650Z,174,USD,SUCCESS
tx808,2025-04-29T11:21:07.385650Z,432,USD,PENDING
tx809,2025-04-29T11:21:08.385650Z,421,USD,FAILED
tx810,2025-04-29T11:21:09.385650Z,199,USD,PENDING
tx811,2025-04-29T11:21:10.385650Z,345,USD,FAILED
tx812,2025-04-29T11:21:11.385650Z,425,USD,FAILED
tx813,2025-04-29T11:21:12.385650Z,396,USD,FAILED
tx814,2025-04-29T11:21:13.385650Z,239,USD,SUCCESS
tx815,2025-04-29T11:21:14.385650Z,121,USD,FAILED
tx816,2025-04-29T11:21:15.385650Z,68,USD,FAILED
tx817,2025-04-29T11:21:16.385650Z,183,USD,PENDING
tx818,2025-04-29T11:21:17.385650Z,225,USD,PENDING
tx819,2025-04-29T11:21:18.385650Z,165,USD,FAILED
tx820,2025-04-29T11:21:19.385650Z,214,USD,PENDING
tx821,2025-04-29T11:21:20.385650Z,90,USD,SUCCESS
tx822,2025-04-29T11:21:21.385650Z,428,USD,FAILED
tx823,2025-04-29T11:21:22.385650Z,425,USD,SUCCESS
tx824,2025-04-29T11:21:23.385650Z,82,USD,SUCCESS
tx825,2025-04-29T11:21:24.385650Z,396,USD,FAILED
tx826,2025-04-29T11:21:25.385650Z,144,USD,FAILED
tx827,2025-04-29T11:21:26.385650Z,317,USD,PENDING
tx828,2025-04-29T11:21:27.385650Z,249,USD,FAILED
tx829,2025-04-29T11:21:28.385650Z,113,USD,PENDING
tx830,2025-04-29T11:21:29.385650Z,460,USD,SUCCESS
tx831,2025-04-29T11:21:30.385650Z,448,USD,FAILED
tx832,2025-04-29T11:21:31.385650Z,239,USD,FAILED
tx833,2025-04-29T11:21:32.385650Z,318,USD,PENDING
tx834,2025-04-29T11:21:33.385650Z,88,USD,PENDING
tx835,2025-04-29T11:21:34.385650Z,483,USD,PENDING
tx836,2025-04-29T11:21:35.385650Z,464,USD,PENDING
tx837,2025-04-29T11:21:36.385650Z,212,USD,FAILED
tx838,2025-04-29T11:21:37.385650Z,62,USD,PENDING
tx839,2025-04-29T11:21:38.385650Z,94,USD,PENDING
tx840,2025-04-29T11:21:39.385650Z,319,USD,SUCCESS
tx841,2025-04-29T11:21:40.385650Z,183,USD,SUCCESS
tx842,2025-04-29T11:21:41.385650Z,306,USD,FAILED
tx843,2025-04-29T11:21:42.385650Z,395,USD,FAILED
tx844,2025-04-29T11:21:43.385650Z,442,USD,PENDING
tx845,2025-04-29T11:21:44.385650Z,265,USD,FAILED
tx846,2025-04-29T11:21:45.385650Z,286,USD,SUCCESS
tx847,2025-04-29T11:21:46.385650Z,459,USD,PENDING
tx848,2025-04-29T11:21:47.385650Z,280,USD,PENDING
tx849,2025-04-29T11:21:48.385650Z,261,USD,SUCCESS
tx850,2025-04-29T11:21:49.385650Z,385,USD,SUCCESS
tx851,2025-04-29T11:21:50.385650Z,369,USD,PENDING
tx852,2025-04-29T11:21:51.385650Z,262,USD,PENDING
tx853,2025-04-29T11:21:52.385650Z,348,USD,FAILED
tx854,2025-04-29T11:21:53.385650Z,473,USD,FAILED
tx855,2025-04-29T11:21:54.385650Z,349,USD,FAILED
tx856,2025-04-29T11:21:55.385650Z,386,USD,SUCCESS
tx857,2025-04-29T11:21:56.385650Z,224,USD,FAILED
tx858,2025-04-29T11:21:57.385650Z,491,USD,SUCCESS
tx859,2025-04-29T11:21:58.385650Z,454,USD,FAILED
tx860,2025-04-29T11:21:59.385650Z,217,USD,PENDING
tx861,2025-04-29T11:22:00.385650Z,358,USD,FAILED
tx862,2025-04-29T11:22:01.385650Z,93,USD,PENDING
tx863,2025-04-29T11:22:02.385650Z,234,USD,FAILED
tx864,2025-04-29T11:22:03.385650Z,499,USD,FAILED
tx865,2025-04-29T11:22:04.385650Z,454,USD,SUCCESS
tx866,2025-04-29T11:22:05.385650Z,406,USD,SUCCESS
tx867,2025-04-29T11:22:06.385650Z,286,USD,FAILED
tx868,2025-04-29T11:22:07.385650Z,392,USD,FAILED
tx869,2025-04-29T11:22:08.385650Z,123,USD,SUCCESS
tx870,2025-04-29T11:22:09.385650Z,464,USD,FAILED
tx871,2025-04-29T11:22:10.385650Z,87,USD,FAILED
tx872,2025-04-29T11:22:11.385650Z,309,USD,SUCCESS
tx873,2025-04-29T11:22:12.385650Z,119,USD,FAILED
tx874,2025-04-29T11:22:13.385650Z,382,USD,SUCCESS
tx875,2025-04-29T11:22:14.385650Z,457,USD,PENDING
tx876,2025-04-29T11:22:15.385650Z,395,USD,FAILED
tx877,2025-04-29T11:22:16.385650Z,357,USD,SUCCESS
tx878,2025-04-29T11:22:17.385650Z,139,USD,SUCCESS
tx879,2025-04-29T11:22:18.385650Z,216,USD,FAILED
tx880,2025-04-29T11:22:19.385650Z,232,USD,SUCCESS
tx881,2025-04-29T11:22:20.385650Z,243,USD,PENDING
tx882,2025-04-29T11:22:21.385650Z,187,USD,PENDING
tx883,2025-04-29T11:22:22.385650Z,55,USD,PENDING
tx884,2025-04-29T11:22:23.385650Z,396,USD,FAILED
tx885,2025-04-29T11:22:24.385650Z,72,USD,PENDING
tx886,2025-04-29T11:22:25.385650Z,364,USD,FAILED
tx887,2025-04-29T11:22:26.385650Z,409,USD,FAILED
tx888,2025-04-29T11:22:27.385650Z,424,USD,FAILED
tx889,2025-04-29T11:22:28.385650Z,285,USD,FAILED
tx890,2025-04-29T11:22:29.385650Z,487,USD,FAILED
tx891,2025-04-29T11:22:30.385650Z,245,USD,PENDING
tx892,2025-04-29T11:22:31.385650Z,396,USD,FAILED
tx893,2025-04-29T11:22:32.385650Z,257,USD,FAILED
tx894,2025-04-29T11:22:33.385650Z,265,USD,PENDING
tx895,2025-04-29T11:22:34.385650Z,486,USD,FAILED
tx896,2025-04-29T11:22:35.385650Z,131,USD,FAILED
tx897,2025-04-29T11:22:36.385650Z,278,USD,SUCCESS
tx898,2025-04-29T11:22:37.385650Z,259,USD,SUCCESS
tx899,2025-04-29T11:22:38.385650Z,378,USD,SUCCESS
tx900,2025-04-29T11:22:39.385650Z,487,USD,PENDING
tx901,2025-04-29T11:22:40.385650Z,457,USD,SUCCESS
tx902,2025-04-29T11:22:41.385650Z,277,USD,SUCCESS
tx903,2025-04-29T11:22:42.385650Z,223,USD,PENDING
tx904,2025-04-29T11:22:43.385650Z,398,USD,SUCCESS
tx905,2025-04-29T11:22:44.385650Z,79,USD,SUCCESS
tx906,2025-04-29T11:22:45.385650Z,349,USD,PENDING
tx907,2025-04-29T11:22:46.385650Z,289,USD,SUCCESS
tx908,2025-04-29T11:22:47.385650Z,465,USD,PENDING
tx909,2025-04-29T11:22:48.385650Z,480,USD,FAILED
tx910,2025-04-29T11:22:49.385650Z,395,USD,PENDING
tx911,2025-04-29T11:22:50.385650Z,478,USD,SUCCESS
tx912,2025-04-29T11:22:51.385650Z,124,USD,PENDING
tx913,2025-04-29T11:22:52.385650Z,371,USD,PENDING
tx914,2025-04-29T11:22:53.385650Z,370,USD,SUCCESS
tx915,2025-04-29T11:22:54.385650Z,311,USD,SUCCESS
tx916,2025-04-29T11:22:55.385650Z,263,USD,FAILED
tx917,2025-04-29T11:22:56.385650Z,392,USD,PENDING
tx918,2025-04-29T11:22:57.385650Z,152,USD,FAILED
tx919,2025-04-29T11:22:58.385650Z,150,USD,SUCCESS
tx920,2025-04-29T11:22:59.385650Z,452,USD,PENDING
tx921,2025-04-29T11:23:00.385650Z,146,USD,FAILED
tx922,2025-04-29T11:23:01.385650Z,443,USD,PENDING
tx923,2025-04-29T11:23:02.385650Z,221,USD,SUCCESS
tx924,2025-04-29T11:23:03.385650Z,177,USD,SUCCESS
tx925,2025-04-29T11:23:04.385650Z,456,USD,SUCCESS
tx926,2025-04-29T11:23:05.385650Z,236,USD,SUCCESS
tx927,2025-04-29T11:23:06.385650Z,51,USD,PENDING
tx928,2025-04-29T11:23:07.385650Z,172,USD,FAILED
tx929,2025-04-29T11:23:08.385650Z,342,USD,PENDING
tx930,2025-04-29T11:23:09.385650Z,319,USD,SUCCESS
tx931,2025-04-29T11:23:10.385650Z,389,USD,SUCCESS
tx932,2025-04-29T11:23:11.385650Z,455,USD,SUCCESS
tx933,2025-04-29T11:23:12.385650Z,477,USD,FAILED
tx934,2025-04-29T11:23:13.385650Z,178,USD,PENDING
tx935,2025-04-29T11:23:14.385650Z,176,USD,FAILED
tx936,2025-04-29T11:23:15.385650Z,325,USD,PENDING
tx937,2025-04-29T11:23:16.385650Z,452,USD,PENDING
tx938,2025-04-29T11:23:17.385650Z,365,USD,SUCCESS
tx939,2025-04-29T11:23:18.385650Z,169,USD,SUCCESS
tx940,2025-04-29T11:23:19.385650Z,159,USD,PENDING
tx941,2025-04-29T11:23:20.385650Z,181,USD,PENDING
tx942,2025-04-29T11:23:21.385650Z,429,USD,SUCCESS
tx943,2025-04-29T11:23:22.385650Z,192,USD,PENDING
tx944,2025-04-29T11:23:23.385650Z,242,USD,FAILED
tx945,2025-04-29T11:23:24.385650Z,56,USD,FAILED
tx946,2025-04-29T11:23:25.385650Z,75,USD,FAILED
tx947,2025-04-29T11:23:26.385650Z,434,USD,PENDING
tx948,2025-04-29T11:23:27.385650Z,382,USD,FAILED
tx949,2025-04-29T11:23:28.385650Z,197,USD,FAILED
tx950,2025-04-29T11:23:29.385650Z,160,USD,FAILED
tx951,2025-04-29T11:23:30.385650Z,145,USD,SUCCESS
tx952,2025-04-29T11:23:31.385650Z,61,USD,FAILED
tx953,2025-04-29T11:23:32.385650Z,335,USD,PENDING
tx954,2025-04-29T11:23:33.385650Z,489,USD,SUCCESS
tx955,2025-04-29T11:23:34.385650Z,214,USD,SUCCESS
tx956,2025-04-29T11:23:35.385650Z,213,USD,FAILED
tx957,2025-04-29T11:23:36.385650Z,136,USD,SUCCESS
tx958,2025-04-29T11:23:37.385650Z,430,USD,FAILED
tx959,2025-04-29T11:23:38.385650Z,425,USD,SUCCESS
tx960,2025-04-29T11:23:39.385650Z,356,USD,SUCCESS
tx961,2025-04-29T11:23:40.385650Z,59,USD,SUCCESS
tx962,2025-04-29T11:23:41.385650Z,195,USD,SUCCESS
tx963,2025-04-29T11:23:42.385650Z,129,USD,PENDING
tx964,2025-04-29T11:23:43.385650Z,424,USD,PENDING
tx965,2025-04-29T11:23:44.385650Z,145,USD,FAILED
tx966,2025-04-29T11:23:45.385650Z,117,USD,SUCCESS
tx967,2025-04-29T11:23:46.385650Z,490,USD,PENDING
tx968,2025-04-29T11:23:47.385650Z,466,USD,SUCCESS
tx969,2025-04-29T11:23:48.385650Z,178,USD,SUCCESS
tx970,2025-04-29T11:23:49.385650Z,286,USD,SUCCESS
tx971,2025-04-29T11:23:50.385650Z,81,USD,SUCCESS
tx972,2025-04-29T11:23:51.385650Z,54,USD,FAILED
tx973,2025-04-29T11:23:52.385650Z,459,USD,FAILED
tx974,2025-04-29T11:23:53.385650Z,350,USD,SUCCESS
tx975,2025-04-29T11:23:54.385650Z,438,USD,SUCCESS
tx976,2025-04-29T11:23:55.385650Z,225,USD,SUCCESS
tx977,2025-04-29T11:23:56.385650Z,106,USD,PENDING
tx978,2025-04-29T11:23:57.385650Z,350,USD,PENDING
tx979,2025-04-29T11:23:58.385650Z,420,USD,SUCCESS
tx980,2025-04-29T11:23:59.385650Z,346,USD,PENDING
tx981,2025-04-29T11:24:00.385650Z,69,USD,PENDING
tx982,2025-04-29T11:24:01.385650Z,210,USD,SUCCESS
tx983,2025-04-29T11:24:02.385650Z,65,USD,FAILED
tx984,2025-04-29T11:24:03.385650Z,457,USD,SUCCESS
tx985,2025-04-29T11:24:04.385650Z,337,USD,PENDING
tx986,2025-04-29T11:24:05.385650Z,485,USD,SUCCESS
tx987,2025-04-29T11:24:06.385650Z,439,USD,PENDING
tx988,2025-04-29T11:24:07.385650Z,288,USD,PENDING
tx989,2025-04-29T11:24:08.385650Z,95,USD,SUCCESS
tx990,2025-04-29T11:24:09.385650Z,94,USD,PENDING
tx991,2025-04-29T11:24:10.385650Z,121,USD,FAILED
tx992,2025-04-29T11:24:11.385650Z,143,USD,SUCCESS
tx993,2025-04-29T11:24:12.385650Z,455,USD,SUCCESS
tx994,2025-04-29T11:24:13.385650Z,408,USD,PENDING
tx995,2025-04-29T11:24:14.385650Z,247,USD,FAILED
tx996,2025-04-29T11:24:15.385650Z,401,USD,SUCCESS
tx997,2025-04-29T11:24:16.385650Z,257,USD,FAILED
tx998,2025-04-29T11:24:17.385650Z,166,USD,SUCCESS
tx999,2025-04-29T11:24:18.385650Z,254,USD,SUCCESS
tx1000,2025-04-29T11:24:19.385650Z,149,USD,PENDING
